1,롯데지주(주),1,2,동일인,신격호,3245425,139847
1,롯데지주(주),1,3,배우자/혈족 1촌,신동빈,9803027,23085
1,롯데지주(주),1,3,배우자/혈족 1촌,신동주,171673,0
1,롯데지주(주),1,3,배우자/혈족 1촌,신영자,2352422,14814
1,롯데지주(주),1,3,배우자/혈족 1촌,신유미,42254,0
1,롯데지주(주),1,3,혈족 2~4촌,장선윤,801,0
1,롯데지주(주),1,3,혈족 2~4촌,장정안,77037,0
1,롯데지주(주),1,3,혈족 2~4촌,조현욱,51,11
1,롯데지주(주),1,3,혈족 5~6촌,최성원,367,0
1,롯데지주(주),1,3,혈족 5~6촌,최성현,262,0
1,롯데지주(주),1,3,혈족 5~6촌,신복남,214,0
1,롯데지주(주),1,3,혈족 5~6촌,신영우,33,0
1,롯데지주(주),1,3,혈족 5~6촌,신정근,1056,0
1,롯데지주(주),1,3,인척 4촌 이내,박희청,320,0
1,롯데지주(주),1,3,인척 4촌 이내,조용완,5,3
1,롯데지주(주),1,3,인척 4촌 이내,김순봉,35,0
1,롯데지주(주),1,4,비영리법인,롯데문화재단,90869,11728
1,롯데지주(주),1,4,비영리법인,롯데삼동복지재단,54807,0
1,롯데지주(주),1,4,비영리법인,롯데장학재단,4342629,50516
1,롯데지주(주),1,5,등기된임원,홍길동,74,0
1,롯데지주(주),1,5,등기된임원,이원준,700,0
1,롯데지주(주),1,7,자기주식,롯데지주(주),45760936,280048
1,롯데지주(주),1,1,계열회사,㈜호텔롯데,10081181,47735
1,롯데지주(주),1,1,계열회사,㈜부산롯데호텔,989749,0
1,롯데지주(주),1,1,계열회사,롯데케미칼(주),171460,0
1,롯데지주(주),1,1,계열회사,롯데알미늄㈜,5313478,38854
1,롯데지주(주),1,1,계열회사,롯데상사㈜,443981,0
1,롯데지주(주),1,6,해외계열,LOTTE,2613965,0
1,롯데지주(주),1,6,해외계열,l2,1548547,0
1,롯데지주(주),1,6,해외계열,L12,823865,0
1,롯데지주(주),2,8,기타,기타주주,25704691,380982
1,㈜호텔롯데,1,7,자기주식,㈜호텔롯데,173604,0
1,㈜호텔롯데,1,1,계열회사,㈜부산롯데호텔,566100,0
1,㈜호텔롯데,1,6,해외계열,㈜L제2투자회사,3400000,0
1,㈜호텔롯데,1,6,해외계열,㈜롯데홀딩스,19515000,0
1,㈜호텔롯데,1,6,해외계열,㈜L제4투자회사,16000000,0
1,㈜호텔롯데,1,6,해외계열,㈜L제9투자회사,10650000,0
1,㈜호텔롯데,1,6,해외계열,㈜L제7투자회사,9620000,0
1,㈜호텔롯데,1,6,해외계열,㈜L제1투자회사,8800000,0
1,㈜호텔롯데,1,6,해외계열,㈜L제8투자회사,5900000,0
1,㈜호텔롯데,1,6,해외계열,㈜광윤사,5580000,0
1,㈜호텔롯데,1,6,해외계열,㈜L제10투자회사,4540000,0
1,㈜호텔롯데,1,6,해외계열,㈜L제12투자회사,4300000,0
1,㈜호텔롯데,1,6,해외계열,㈜L제6투자회사,4060000,0
1,㈜호텔롯데,1,6,해외계열,㈜L제5투자회사,3685000,0
1,㈜호텔롯데,1,6,해외계열,㈜L제11투자회사,3400000,0
1,㈜호텔롯데,1,6,해외계열,㈜패미리,2160000,0
1,롯데면세점제주㈜,1,1,계열회사,㈜호텔롯데,200000,0
1,㈜부산롯데호텔,1,7,자기주식,㈜부산롯데호텔,1000,0
1,㈜부산롯데호텔,1,6,해외계열,(日) (주)롯데홀딩스,11375000,0
1,㈜부산롯데호텔,1,6,해외계열,(日) (주) L제3투자회사,5020000,0
1,㈜부산롯데호텔,1,6,해외계열,(日) (주) L제12투자회사,2150000,0
1,㈜부산롯데호텔,1,6,해외계열,(日) (주) 광윤사,1666000,0
1,㈜부산롯데호텔,1,6,해외계열,(日) (주) L제7투자회사,1570000,0
1,㈜부산롯데호텔,1,6,해외계열,(日) (주) L제9투자회사,1480000,0
1,㈜부산롯데호텔,1,6,해외계열,(日) (주) L제6투자회사,777000,0
1,㈜부산롯데호텔,1,6,해외계열,(日) (주) L제10투자회사,222000,0
1,㈜부산롯데호텔,1,6,해외계열,(日) (주) L제2투자회사,140000,0
1,롯데물산㈜,1,2,동일인,신격호,4085850,0
1,롯데물산㈜,1,3,배우자/혈족 1촌,신동빈,5296,0
1,롯데물산㈜,1,3,배우자/혈족 1촌,신동주,7296,0
1,롯데물산㈜,1,3,배우자/혈족 1촌,신영자,528,0
1,롯데물산㈜,1,1,계열회사,㈜호텔롯데,18508174,0
1,롯데물산㈜,1,6,해외계열,㈜롯데홀딩스,33881736,0
1,롯데물산㈜,1,6,해외계열,㈜L제3투자회사,2960000,0
1,동교청기와피에프브이(주),1,1,계열회사,,1425000,75000
1,롯데제과(주),1,2,동일인,신격호,287408,0
1,롯데제과(주),1,3,배우자/혈족 1촌,신동빈,381608,0
1,롯데제과(주),1,3,배우자/혈족 1촌,신영자,106228,0
1,롯데제과(주),1,3,혈족 2~4촌,장정안,12964,0
1,롯데제과(주),1,3,혈족 5~6촌,최성원,62,0
1,롯데제과(주),1,3,혈족 5~6촌,최성현,44,0
1,롯데제과(주),1,3,혈족 5~6촌,신정근,94,0
1,롯데제과(주),1,3,인척 4촌 이내,김순봉,5,0
1,롯데제과(주),1,4,비영리법인,롯데장학재단,365937,0
1,롯데제과(주),1,5,등기된임원,박차석,115,0
1,롯데제과(주),1,7,자기주식,롯데제과(주),4578,0
1,롯데제과(주),1,1,계열회사,롯데지주(주),484054,0
1,롯데제과(주),1,1,계열회사,㈜호텔롯데,135239,0
1,롯데제과(주),1,1,계열회사,롯데알미늄㈜,643381,0
1,롯데제과(주),1,6,해외계열,㈜롯데홀딩스,416338,0
1,롯데제과(주),2,8,기타,OGO YAYOI,302,0
1,롯데제과(주),2,8,기타, 기타,1370745,0
1,롯데칠성음료㈜,1,2,동일인,신격호,10408,10978
1,롯데칠성음료㈜,1,3,배우자/혈족 1촌,신동빈,45626,1812
1,롯데칠성음료㈜,1,3,배우자/혈족 1촌,신영자,21238,1162
1,롯데칠성음료㈜,1,3,배우자/혈족 1촌,신유미,77,0
1,롯데칠성음료㈜,1,3,혈족 5~6촌,신정근,38,0
1,롯데칠성음료㈜,1,4,비영리법인,롯데문화재단,0,920
1,롯데칠성음료㈜,1,4,비영리법인,롯데장학재단,50168,3965
1,롯데칠성음료㈜,1,7,자기주식,롯데칠성음료㈜,42011,13846
1,롯데칠성음료㈜,1,1,계열회사,롯데지주(주),154209,6489
1,롯데칠성음료㈜,1,1,계열회사,㈜호텔롯데,47345,3747
1,롯데칠성음료㈜,1,1,계열회사,롯데알미늄㈜,70887,3050
1,롯데칠성음료㈜,1,6,해외계열,주식회사 롯데홀딩스,10983,0
1,롯데칠성음료㈜,2,8,기타,2,346356,31562
1,롯데푸드(주),1,2,동일인,신격호,0,0
1,롯데푸드(주),1,3,배우자/혈족 1촌,신동빈,22232,0
1,롯데푸드(주),1,3,배우자/혈족 1촌,신영자,12374,0
1,롯데푸드(주),1,3,배우자/혈족 1촌,신유미,3787,0
1,롯데푸드(주),1,3,혈족 5~6촌,신복남,99,0
1,롯데푸드(주),1,4,비영리법인,롯데장학재단,46417,0
1,롯데푸드(주),1,7,자기주식,롯데푸드(주),222060,0
1,롯데푸드(주),1,1,계열회사,롯데지주(주),250162,0
1,롯데푸드(주),1,1,계열회사,㈜호텔롯데,100845,0
1,롯데푸드(주),1,1,계열회사,㈜부산롯데호텔,49591,0
1,롯데푸드(주),1,1,계열회사,롯데케미칼(주),11037,0
1,롯데푸드(주),1,6,해외계열,L제2투자회사,49096,0
1,롯데푸드(주),2,9,동일인측이 아닌 최다주주,-,0,0
1,롯데푸드(주),2,8,기타,기타,364170,0
1,롯데네슬레코리아㈜,1,1,계열회사,롯데지주(주),2639156,0
1,롯데네슬레코리아㈜,2,9,동일인측이 아닌 최다주주,네슬레 에스.에이.,2639156,0
1,롯데지알에스㈜,1,3,배우자/혈족 1촌,신영자,11,0
1,롯데지알에스㈜,1,7,자기주식,롯데지알에스㈜,3,0
1,롯데지알에스㈜,1,1,계열회사,롯데지주(주),137267,0
1,롯데지알에스㈜,1,1,계열회사,㈜호텔롯데,47335,0
1,롯데지알에스㈜,1,1,계열회사,롯데쇼핑㈜,28464,0
1,롯데지알에스㈜,1,6,해외계열, L제12투자회사,39073,0
1,㈜롯데아사히주류,1,1,계열회사,롯데칠성음료㈜,1499999,0
1,㈜롯데아사히주류,2,9,동일인측이 아닌 최다주주,아사히그룹홀딩스㈜,1500001,0
1,(주)충북소주,1,1,계열회사,롯데지주(주),30000,0
1,농업회사법인(주)에치유아이,1,1,계열회사,(주)충북소주,36000,0
1,농업회사법인(주)에치유아이,2,8,기타,장덕수,4000,0
1,엠제이에이와인(주),1,1,계열회사,롯데지주(주),130000,0
1,씨에이치음료(주),1,1,계열회사,롯데지주(주),30660,0
1,(주)백학음료,1,1,계열회사,롯데지주(주),7382400,0
1,(주)백학음료,2,8,기타,군인공제회,1195600,0
1,롯데쇼핑㈜,1,2,동일인,신격호,262438,0
1,롯데쇼핑㈜,1,3,배우자/혈족 1촌,신동빈,2781409,0
1,롯데쇼핑㈜,1,3,배우자/혈족 1촌,신동주,133953,0
1,롯데쇼핑㈜,1,3,배우자/혈족 1촌,신영자,207911,0
1,롯데쇼핑㈜,1,3,배우자/혈족 1촌,신유미,25811,0
1,롯데쇼핑㈜,1,3,혈족 2~4촌,장선윤,625,0
1,롯데쇼핑㈜,1,3,혈족 2~4촌,우가야,60,0
1,롯데쇼핑㈜,1,3,혈족 5~6촌,신영우,30,0
1,롯데쇼핑㈜,1,3,인척 4촌 이내,박희청,250,0
1,롯데쇼핑㈜,1,4,비영리법인,롯데삼동복지재단,42765,0
1,롯데쇼핑㈜,1,5,등기된임원,이원준,267,0
1,롯데쇼핑㈜,1,7,자기주식,롯데쇼핑㈜,18074,0
1,롯데쇼핑㈜,1,1,계열회사,롯데지주(주),7275675,0
1,롯데쇼핑㈜,1,1,계열회사,㈜호텔롯데,2484338,0
1,롯데쇼핑㈜,1,1,계열회사,㈜부산롯데호텔,220326,0
1,롯데쇼핑㈜,1,1,계열회사,,2209819,0
1,롯데쇼핑㈜,1,1,계열회사,롯데아이티테크㈜,1353510,0
1,롯데쇼핑㈜,2,8,기타,기타,11104728,0
1,롯데쇼핑㈜,2,8,기타,황각규,58,0
1,롯데역사㈜,1,3,배우자/혈족 1촌,신동빈,314400,0
1,롯데역사㈜,1,3,배우자/혈족 1촌,신동주,314400,0
1,롯데역사㈜,1,4,비영리법인,롯데장학재단,192000,0
1,롯데역사㈜,1,1,계열회사,롯데지주(주),1603200,0
1,롯데역사㈜,1,1,계열회사,㈜부산롯데호텔,36000,0
1,롯데역사㈜,2,8,기타,한국철도공사,900000,0
1,롯데역사㈜,2,8,기타,코레일유통㈜,240000,0
1,㈜코리아세븐,1,3,배우자/혈족 1촌,신동빈,3242835,0
1,㈜코리아세븐,1,3,배우자/혈족 1촌,신동주,1486631,0
1,㈜코리아세븐,1,3,배우자/혈족 1촌,신영자,894144,0
1,㈜코리아세븐,1,3,배우자/혈족 1촌,신유미,507174,0
1,㈜코리아세븐,1,4,비영리법인,롯데문화재단,215587,0
1,㈜코리아세븐,1,1,계열회사,롯데지주(주),29497655,0
1,㈜코리아세븐,2,8,기타,Japan Asia Venture Fund,383608,0
1,㈜코리아세븐,2,8,기타,RAISON CAPITAL,409920,0
1,㈜코리아세븐,2,8,기타,케이에스투자조합 제1호 대표자 김기운,2100,0
1,㈜코리아세븐,2,8,기타,NH농협은행(글로벌원밸류업전문사모투자신탁5호) 펀드,134000,0
1,㈜코리아세븐,2,8,기타,NH농협은행(글로벌원밸류업전문사모투자신탁6호) 펀드,91400,0
1,㈜코리아세븐,2,8,기타,NH농협은행(글로벌원밸류업전문사모투자신탁7호) 펀드,104680,0
1,㈜코리아세븐,2,8,기타,유한회사 인터웨이브,17000,0
1,㈜코리아세븐,2,8,기타,이복수,3000,0
1,㈜코리아세븐,2,8,기타,김기영,6500,0
1,㈜코리아세븐,2,8,기타,강주현,3500,0
1,㈜코리아세븐,2,8,기타,한슬기,3000,0
1,㈜코리아세븐,2,8,기타,방춘란,3000,0
1,㈜코리아세븐,2,8,기타,이혜성,800,0
1,㈜코리아세븐,2,8,기타,정성기,4600,0
1,㈜코리아세븐,2,8,기타,정지량,3000,0
1,㈜코리아세븐,2,8,기타,조희웅,6000,0
1,㈜코리아세븐,2,8,기타,김영우,2000,0
1,㈜코리아세븐,2,8,기타,한복순,3000,0
1,㈜코리아세븐,2,8,기타,김태윤,1500,0
1,㈜코리아세븐,2,8,기타,황종희,1000,0
1,㈜바이더웨이,1,1,계열회사,㈜코리아세븐,221800,3729231
1,에프알엘코리아㈜,1,1,계열회사,롯데쇼핑㈜,2352000,0
1,에프알엘코리아㈜,2,9,동일인측이 아닌 최다주주,패스트리테일링(주),2448000,0
1,(주)우리홈쇼핑,1,1,계열회사,롯데쇼핑㈜,4242796,0
1,(주)우리홈쇼핑,2,8,기타,기타,3757204,0
1,㈜롯데닷컴,1,3,배우자/혈족 1촌,신동빈,80319,0
1,㈜롯데닷컴,1,3,배우자/혈족 1촌,신동주,79361,0
1,㈜롯데닷컴,1,3,배우자/혈족 1촌,신영자,79361,0
1,㈜롯데닷컴,1,4,비영리법인,롯데문화재단,63578,0
1,㈜롯데닷컴,1,5,등기된임원,추동우,1566,0
1,㈜롯데닷컴,1,5,등기된임원,김경호,3659,0
1,㈜롯데닷컴,1,1,계열회사,롯데지주(주),4760516,0
1,㈜롯데닷컴,1,1,계열회사,㈜호텔롯데,800000,0
1,㈜롯데닷컴,2,8,기타,기타,258721,0
1,롯데김해개발㈜,1,1,계열회사,롯데쇼핑㈜,60000,0
1,롯데수원역쇼핑타운㈜,1,1,계열회사,롯데쇼핑㈜,19000000,0
1,롯데수원역쇼핑타운㈜,1,1,계열회사,롯데자산개발,1000000,0
1,(주)엔씨에프,1,1,계열회사,롯데쇼핑㈜,598800,0
1,(주)엔씨에프,2,8,기타,2,1200,0
1,롯데송도쇼핑타운(주),1,1,계열회사,롯데쇼핑㈜,12000000,0
1,롯데송도쇼핑타운(주),1,1,계열회사,롯데역사㈜,6400000,0
1,롯데송도쇼핑타운(주),1,1,계열회사,롯데인천개발(주),915667,0
1,롯데송도쇼핑타운(주),1,1,계열회사,롯데자산개발,2000000,0
1,한국에스티엘(주),1,5,등기된임원,카즈마사테라다,1,0
1,한국에스티엘(주),1,1,계열회사,롯데쇼핑㈜,800000,0
1,한국에스티엘(주),2,9,동일인측이 아닌 최다주주,사만사타바사 재팬 리미티드,800000,0
1,씨에스유통(주),1,1,계열회사,롯데쇼핑㈜,12761250,0
1,씨에스유통(주),2,8,기타,기타소액주주,6600,0
1,롯데하이마트(주),1,5,등기된임원,김현철,11703,0
1,롯데하이마트(주),1,5,등기된임원,이동우,12000,0
1,롯데하이마트(주),1,5,등기된임원,이원준,100,0
1,롯데하이마트(주),1,5,등기된임원,장대종,4130,0
1,롯데하이마트(주),1,1,계열회사,롯데쇼핑㈜,15403274,0
1,롯데하이마트(주),2,8,기타,기타,8176505,0
1,롯데인천개발(주),1,1,계열회사,㈜호텔롯데,3000000,0
1,롯데인천개발(주),1,1,계열회사,롯데물산㈜,1500000,2400000
1,롯데인천개발(주),1,1,계열회사,롯데쇼핑㈜,3000000,0
1,롯데인천개발(주),1,1,계열회사,롯데건설㈜,500000,0
1,롯데인천타운㈜ ,1,1,계열회사,롯데지주(주),700001,0
1,롯데인천타운㈜ ,1,1,계열회사,㈜호텔롯데,320000,0
1,롯데인천타운㈜ ,1,1,계열회사,롯데건설㈜,379999,0
1,롯데인천타운㈜ ,2,8,기타,SAPAS INVESTMENTS B.V.,600000,550000
1,롯데타운동탄(주),1,1,계열회사,롯데쇼핑㈜,3500000,0
1,롯데타운동탄(주),1,1,계열회사,롯데건설㈜,2800000,0
1,롯데타운동탄(주),1,1,계열회사,롯데자산개발,630000,0
1,롯데타운동탄(주),2,8,기타,미래에셋대우(주),70000,0
1,롯데울산개발(주),1,1,계열회사,롯데쇼핑㈜,4780000,0
1,롯데울산개발(주),1,1,계열회사,롯데건설㈜,100000,0
1,롯데울산개발(주),2,8,기타,한국철도시설공단,60000,0
1,롯데울산개발(주),2,8,기타,(주)에스에이치신한,100000,0
1,롯데시네마㈜,1,1,계열회사,롯데쇼핑㈜,50000,0
1,롯데피에스넷(주),1,1,계열회사,롯데지주(주),3094240,0
1,롯데피에스넷(주),1,1,계열회사,㈜코리아세븐,3197508,0
1,롯데피에스넷(주),1,1,계열회사,㈜롯데닷컴,3094240,0
1,롯데피에스넷(주),2,8,기타,기타,500200,0
1,롯데케미칼(주),1,3,배우자/혈족 1촌,신동빈,90705,0
1,롯데케미칼(주),1,3,혈족 2~4촌,조현욱,4,0
1,롯데케미칼(주),1,3,혈족 5~6촌,신주현,50,0
1,롯데케미칼(주),1,4,비영리법인,롯데문화재단,11495,0
1,롯데케미칼(주),1,1,계열회사,㈜호텔롯데,4346818,0
1,롯데케미칼(주),1,1,계열회사,롯데물산㈜,10718818,0
1,롯데케미칼(주),1,6,해외계열,"LOTTE HOLDINGS CO., LTD",3186000,0
1,롯데케미칼(주),2,8,기타,2,15921529,0
1,㈜케이피켐텍,1,1,계열회사,롯데케미칼(주),22535,0
1,롯데엠시시㈜,1,1,계열회사,롯데케미칼(주),19000000,0
1,롯데엠시시㈜,2,8,기타,미쓰비시케미컬코퍼레이션(주),19000000,0
1,삼박엘에프티㈜,1,7,자기주식,삼박엘에프티㈜,801,0
1,삼박엘에프티㈜,1,1,계열회사,롯데케미칼(주),240716,0
1,삼박엘에프티㈜,1,1,계열회사,롯데카드㈜,389,0
1,데크항공(주),1,1,계열회사,롯데케미칼(주),6857114,0
1,롯데미쓰이화학(주),1,1,계열회사,롯데케미칼(주),2000000,0
1,롯데미쓰이화학(주),2,8,기타,미쓰이화학,2000000,0
1,롯데베르살리스엘라스토머스(주),1,1,계열회사,롯데케미칼(주),30180001,0
1,롯데베르살리스엘라스토머스(주),2,8,기타,베르살리스,30179999,0
1,롯데정밀화학(주),1,7,자기주식,롯데정밀화학(주),330000,0
1,롯데정밀화학(주),1,1,계열회사,롯데케미칼(주),8031190,0
1,롯데정밀화학(주),2,8,기타,-,17438810,0
1,한덕화학(주),1,1,계열회사,롯데정밀화학(주),225000,0
1,한덕화학(주),2,9,동일인측이 아닌 최다주주,TOKUYAMA,225000,0
1,한국후지필름㈜,1,3,배우자/혈족 1촌,신동빈,2051,0
1,한국후지필름㈜,1,3,배우자/혈족 1촌,신영자,736,0
1,한국후지필름㈜,1,7,자기주식,한국후지필름㈜,5,0
1,한국후지필름㈜,1,1,계열회사,롯데지주(주),15943,0
1,한국후지필름㈜,1,1,계열회사,㈜호텔롯데,1676,0
1,한국후지필름㈜,1,1,계열회사,롯데알미늄㈜,543,0
1,롯데알미늄㈜,1,3,배우자/혈족 1촌,신영자,1315,0
1,롯데알미늄㈜,1,1,계열회사,㈜호텔롯데,259857,0
1,롯데알미늄㈜,1,1,계열회사,㈜부산롯데호텔,40346,0
1,롯데알미늄㈜,1,1,계열회사,롯데케미칼(주),136908,0
1,롯데알미늄㈜,1,6,해외계열,(주)광윤사,237040,0
1,롯데알미늄㈜,1,6,해외계열,(주)L제2투자회사,362374,0
1,캐논코리아비즈니스솔루션㈜,1,1,계열회사,롯데지주(주),260000,0
1,캐논코리아비즈니스솔루션㈜,1,1,계열회사,㈜호텔롯데,515500,0
1,캐논코리아비즈니스솔루션㈜,1,1,계열회사,롯데알미늄㈜,100000,0
1,캐논코리아비즈니스솔루션㈜,1,1,계열회사,롯데상사㈜,17000,0
1,캐논코리아비즈니스솔루션㈜,2,9,동일인측이 아닌 최다주주,일본법인캐논(주),892500,0
1,(주)엔젤위드,1,1,계열회사,캐논코리아비즈니스솔루션㈜,10000,0
1,롯데건설㈜,1,3,배우자/혈족 1촌,신동빈,188660,0
1,롯데건설㈜,1,3,배우자/혈족 1촌,신동주,120557,0
1,롯데건설㈜,1,3,배우자/혈족 1촌,신영자,46014,0
1,롯데건설㈜,1,3,혈족 2~4촌,신준호,15302,0
1,롯데건설㈜,1,1,계열회사,롯데지주(주),2759808,0
1,롯데건설㈜,1,1,계열회사,㈜호텔롯데,13858158,0
1,롯데건설㈜,1,1,계열회사,롯데케미칼(주),11330303,0
1,롯데건설㈜,1,1,계열회사,롯데알미늄㈜,3202442,0
1,롯데건설㈜,1,6,해외계열,롯데홀딩스,538497,0
1,롯데건설㈜,2,8,기타,기타,117669,0
1,롯데건설㈜,2,8,기타,피에스제이베스트 주식회사,0,546916
1,내포그린에너지(주),1,1,계열회사,롯데건설㈜,5840000,0
1,내포그린에너지(주),2,9,동일인측이 아닌 최다주주,한국남부발전(주),5840000,0
1,내포그린에너지(주),2,8,기타,삼호개발(주),1400000,0
1,내포그린에너지(주),2,8,기타,삼호환경기술(주),936001,0
1,롯데상사㈜,1,3,배우자/혈족 1촌,신동빈,16549,0
1,롯데상사㈜,1,3,배우자/혈족 1촌,신영자,2753,0
1,롯데상사㈜,1,4,비영리법인,롯데문화재단,790,0
1,롯데상사㈜,1,7,자기주식,롯데상사㈜,16586,0
1,롯데상사㈜,1,1,계열회사,롯데지주(주),85442,0
1,롯데상사㈜,1,1,계열회사,㈜호텔롯데,71539,0
1,롯데상사㈜,1,1,계열회사,롯데알미늄㈜,12883,0
1,롯데로지스틱스㈜,1,7,자기주식,롯데로지스틱스㈜,2,0
1,롯데로지스틱스㈜,1,1,계열회사,롯데지주(주),236737,0
1,롯데로지스틱스㈜,1,1,계열회사,㈜호텔롯데,57793,0
1,롯데로지스틱스㈜,1,1,계열회사,롯데케미칼(주),30326,0
1,롯데로지스틱스㈜,1,6,해외계열,(주)L제2투자회사,296372,0
1,롯데로지스틱스㈜,2,9,동일인측이 아닌 최다주주,삼정물산(주),32436,0
1,롯데글로벌로지스㈜,1,5,등기된임원,남도기,603,0
1,롯데글로벌로지스㈜,1,1,계열회사,롯데지주(주),3655770,0
1,롯데글로벌로지스㈜,1,1,계열회사,㈜호텔롯데,2769526,0
1,롯데글로벌로지스㈜,1,1,계열회사,롯데칠성음료㈜,720078,0
1,롯데글로벌로지스㈜,1,1,계열회사,롯데푸드(주),775466,0
1,롯데글로벌로지스㈜,1,1,계열회사,롯데지알에스㈜,2725211,0
1,롯데글로벌로지스㈜,1,1,계열회사,롯데케미칼(주),3489604,0
1,롯데글로벌로지스㈜,2,9,동일인측이 아닌 최다주주,엘엘에이치(유),7472161,0
1,롯데글로벌로지스㈜,2,8,기타,기타 소액주주,2408505,0
1,롯데코스코쉬핑로지스㈜,1,1,계열회사,롯데글로벌로지스㈜,510000,0
1,롯데코스코쉬핑로지스㈜,2,8,기타,현대상선(주),100000,0
1,롯데코스코쉬핑로지스㈜,2,8,기타,현대엘리베이터(주),100000,0
1,롯데코스코쉬핑로지스㈜,2,8,기타,코스코쉬핑로지스틱스(주),290000,0
1,롯데렌탈(주),1,1,계열회사,㈜호텔롯데,2444764,0
1,롯데렌탈(주),1,1,계열회사,㈜부산롯데호텔,1271074,0
1,롯데렌탈(주),1,1,계열회사,(주)우리홈쇼핑,1015382,0
1,롯데렌탈(주),1,1,계열회사,롯데하이마트(주),576690,0
1,롯데렌탈(주),1,1,계열회사,롯데손해보험㈜,576690,0
1,롯데렌탈(주),2,8,기타,트리플에스제이차(주),982570,0
1,롯데렌탈(주),2,8,기타,인베스트퍼플제삼차(주),944037,0
1,롯데렌탈(주),2,8,기타,밸류플러스제삼십일차(주),1059636,0
1,롯데렌탈(주),2,8,기타,그로쓰파트너(주),2307685,0
1,롯데렌탈(주),2,8,기타,레드스탁㈜,590672,0
1,제이지산업(주),1,1,계열회사,롯데렌탈(주),2000,0
1,롯데오토케어(주),1,1,계열회사,롯데렌탈(주),200000,0
1,(주)그린카,1,1,계열회사,롯데렌탈(주),220439,55243
1,(주)그린카,2,8,기타,소수주주,25271,0
1,롯데정보통신㈜,1,1,계열회사,롯데지주(주),10000000,0
1,현대정보기술(주),1,5,등기된임원,노준형,11100,0
1,현대정보기술(주),1,5,등기된임원,마용득,11100,0
1,현대정보기술(주),1,5,등기된임원,박정희,5563,0
1,현대정보기술(주),1,7,자기주식,현대정보기술(주),15385,0
1,현대정보기술(주),1,1,계열회사,롯데아이티테크㈜,35530163,0
1,현대정보기술(주),2,8,기타,2,23963884,0
1,대홍기획㈜,1,3,배우자/혈족 1촌,신영자,261,0
1,대홍기획㈜,1,4,비영리법인,롯데장학재단,878,0
1,대홍기획㈜,1,7,자기주식,대홍기획㈜,2,0
1,대홍기획㈜,1,1,계열회사,롯데지주(주),2364,0
1,대홍기획㈜,1,1,계열회사,㈜호텔롯데,680,0
1,(주)모비쟆미디어,1,1,계열회사,,70000,0
1,(주)모비쟆미디어,2,8,기타,(주)칼라짚코리아,30000,0
1,(주)엠허브,1,1,계열회사,,400600,0
1,(주)엠허브,2,8,기타,기타소액주주,400,0
1,(주)디시네마오브코리아,1,1,계열회사,롯데쇼핑㈜,300000,0
1,(주)디시네마오브코리아,2,9,동일인측이 아닌 최다주주,씨제이씨지브이(주),300000,0
1,(주)롯데자이언츠,1,1,계열회사,롯데지주(주),5719000,0
1,(주)롯데자이언츠,1,1,계열회사,롯데알미늄㈜,301000,0
1,㈜씨텍,1,1,계열회사,롯데케미칼(주),3325680,0
1,㈜씨텍,2,9,동일인측이 아닌 최다주주,(주)엘지화학,3325680,0
1,롯데제이티비㈜,1,1,계열회사,㈜롯데닷컴,4400000,0
1,롯데제이티비㈜,2,8,기타,(주)JTB,4400000,0
1,롯데자산개발,1,1,계열회사,롯데지주(주),24372719,0
1,롯데자산개발,1,1,계열회사,㈜호텔롯데,2896038,0
1,롯데자산개발,1,1,계열회사,롯데케미칼(주),8274388,0
1,롯데자산개발,1,1,계열회사,롯데건설㈜,4759090,0
1,마곡지구피에프브이(주),1,1,계열회사,롯데자산개발,475000,0
1,마곡지구피에프브이(주),2,9,동일인측이 아닌 최다주주,새마을금고중앙회,0,25000
1,은평피에프브이㈜,1,1,계열회사,롯데쇼핑㈜,350000,0
1,은평피에프브이㈜,1,1,계열회사,롯데자산개발,1390000,0
1,은평피에프브이㈜,2,9,동일인측이 아닌 최다주주,한국산업은행,0,260000
1,롯데쇼핑타운대구(주),1,1,계열회사,롯데자산개발,4000000,0
1,롯데첨단소재,1,1,계열회사,롯데케미칼(주),9000000,0
1,롯데첨단소재,2,8,기타,삼성에스디아이(주),1000000,0
2,롯데캐피탈㈜,1,3,배우자/혈족 1촌,신동빈,284704,0
2,롯데캐피탈㈜,1,3,배우자/혈족 1촌,신동주,177936,0
2,롯데캐피탈㈜,1,3,배우자/혈족 1촌,신영자,177936,0
2,롯데캐피탈㈜,1,4,비영리법인,롯데장학재단,158400,0
2,롯데캐피탈㈜,1,1,계열회사,롯데지주(주),8536058,0
2,롯데캐피탈㈜,1,1,계열회사,㈜호텔롯데,13109103,0
2,롯데캐피탈㈜,1,1,계열회사,㈜부산롯데호텔,3817895,0
2,롯데캐피탈㈜,1,1,계열회사,롯데건설㈜,3932280,0
2,롯데캐피탈㈜,1,6,해외계열,(주)광윤사,639200,0
2,롯데캐피탈㈜,2,8,기타,(주)부산은행,2464000,0
2,롯데카드㈜,1,3,배우자/혈족 1촌,신동빈,202797,0
2,롯데카드㈜,1,3,배우자/혈족 1촌,신동주,127235,0
2,롯데카드㈜,1,3,배우자/혈족 1촌,신영자,127235,0
2,롯데카드㈜,1,7,자기주식,롯데카드㈜,2,0
2,롯데카드㈜,1,1,계열회사,롯데지주(주),70088853,0
2,롯데카드㈜,1,1,계열회사,㈜부산롯데호텔,762630,0
2,롯데카드㈜,1,1,계열회사,롯데캐피탈㈜,3431309,0
2,(주)이비카드,1,1,계열회사,롯데카드㈜,811496,50000
2,경기스마트카드㈜,1,1,계열회사,(주)이비카드,100000,0
2,인천스마트카드㈜,1,1,계열회사,(주)이비카드,20000,0
2,롯데손해보험㈜,1,3,배우자/혈족 1촌,신동빈,1811460,0
2,롯데손해보험㈜,1,3,혈족 2~4촌,최강용,10000,0
2,롯데손해보험㈜,1,5,등기된임원,김현수,32000,0
2,롯데손해보험㈜,1,7,자기주식,롯데손해보험㈜,1226290,0
2,롯데손해보험㈜,1,1,계열회사,㈜호텔롯데,31803128,0
2,롯데손해보험㈜,1,1,계열회사,㈜부산롯데호텔,29125736,0
2,롯데손해보험㈜,1,1,계열회사,롯데역사㈜,9532254,0
2,롯데손해보험㈜,2,8,기타,2,60739132,0
2,롯데멤버스(주),1,3,배우자/혈족 1촌,신동빈,6687,0
2,롯데멤버스(주),1,3,배우자/혈족 1촌,신동주,1534,0
2,롯데멤버스(주),1,3,배우자/혈족 1촌,신영자,4194,0
2,롯데멤버스(주),1,7,자기주식,롯데멤버스(주),4,0
2,롯데멤버스(주),1,1,계열회사,롯데지주(주),2311510,0
2,롯데멤버스(주),1,1,계열회사,㈜부산롯데호텔,25151,0
2,롯데멤버스(주),1,1,계열회사,롯데캐피탈㈜,113162,0
2,롯데오토리스(주),1,1,계열회사,롯데렌탈(주),8000000,0
2,㈜마이비,1,5,등기된임원,이준훈,4166,0
2,㈜마이비,1,1,계열회사,㈜부산롯데호텔,224000,0
2,㈜마이비,1,1,계열회사,롯데카드㈜,275799,0
2,㈜마이비,1,1,계열회사,(주)이비카드,3799450,0
2,㈜마이비,2,8,기타,2,1442518,0
2,부산하나로카드㈜,1,1,계열회사,㈜마이비,1314373,0
2,부산하나로카드㈜,2,8,기타,부산교통공사,328592,0
2,㈜한페이시스,1,1,계열회사,㈜마이비,1176000,0
2,㈜한페이시스,2,8,기타,광주광역시외 3,824000,0
2,롯데액셀러레이터(주),1,3,배우자/혈족 1촌,신동빈,1000000,0
2,롯데액셀러레이터(주),1,1,계열회사,롯데지주(주),500000,0
2,롯데액셀러레이터(주),1,1,계열회사,㈜호텔롯데,500000,0
2,롯데액셀러레이터(주),1,1,계열회사,㈜롯데닷컴,500000,0
2,롯데액셀러레이터(주),1,1,계열회사,롯데케미칼(주),500000,0
2,롯데액셀러레이터(주),2,8,기타,케이비증권(주),999800,0
2,롯데액셀러레이터(주),2,8,기타,하나금융투자(주),999800,0
2,롯데액셀러레이터(주),2,8,기타,(주)케미텍,2000,0
2,롯데액셀러레이터(주),2,8,기타,조민식,2000,0